<i>
  <i image="move_0.png" delay="90" x="-44" y="-91"/>
  <i image="move_1.png" delay="90" x="-44" y="-91"/>
  <i image="move_2.png" delay="90" x="-44" y="-91"/>
  <i image="move_3.png" delay="90" x="-44" y="-91"/>
  <i image="move_4.png" delay="90" x="-44" y="-91"/>
  <i image="move_5.png" delay="90" x="-44" y="-91"/>
  <i image="stand_0.png" delay="90" x="-44" y="-85"/>
  <i image="stand_1.png" delay="90" x="-44" y="-85"/>
  <i image="stand_2.png" delay="90" x="-44" y="-85"/>
  <i image="stand_3.png" delay="90" x="-44" y="-85"/>
  <i image="stand_4.png" delay="90" x="-44" y="-85"/>
  <i image="stand_5.png" delay="90" x="-44" y="-85"/>
  <i image="hit1_0.png" delay="600" x="-32" y="-86"/>
  <i image="die1_0.png" delay="150" x="-32" y="-86"/>
  <i image="die1_1.png" delay="150" x="-32" y="-86"/>
  <i image="die1_2.png" delay="150" x="-32" y="-86"/>
  <i image="die1_3.png" delay="150" x="-32" y="-86"/>
  <i image="die1_4.png" delay="150" x="-32" y="-86"/>
  <i image="die1_5.png" delay="300" x="-32" y="-86"/>
</i>